<?xml version="1.0" encoding="UTF-8"?>

<beans xmlns="http://www.springframework.org/schema/beans"
	xmlns:xsi="http://www.w3.org/2001/XMLSchema-instance" 
	  xmlns:aop="http://www.springframework.org/schema/aop"  
	xsi:schemaLocation="http://www.springframework.org/schema/beans 
	http://www.springframework.org/schema/beans/spring-beans-4.0.xsd">
	
	<bean id="currencyConverter" class="com.cg.sample.CurrencyConverter" autowire="byName">
  <!--  <property name="exchangeService"> 
  	 
   <constructor-arg type="double">
         <value>44.25</value>
    </constructor-arg>   
    
    <ref bean="exchangeService11"></ref>    
    </property>    -->
	
	</bean>
	
	
	<bean id="exchangeService" class="com.cg.sample.ExchangeService">
	<constructor-arg type="double">
	<value>50.56</value>
	</constructor-arg>
	</bean>
	
	
</beans>